{
  "timestamp": "2026-05-03T23:10:31.501826",
  "sample_size": 200,
  "base_model": "Qwen/Qwen2.5-1.5B-Instruct",
  "fine_tuned": "/Users/yuxincui/PycharmProjects/Tuning/MedQwen/checkpoints/best-1.5b-r16",
  "base": {
    "rouge1": 0.055820056735379306,
    "rouge2": 0.03097526273887436,
    "rougeL": 0.05198455889988149,
    "bertscore": 0.5917653441429138
  },
  "fine_tuned_scores": {
    "rouge1": 0.03867243867243868,
    "rouge2": 0.015436507936507936,
    "rougeL": 0.03518037518037518,
    "bertscore": 0.6574708819389343
  },
  "improvement": {
    "rouge1": -1.7148,
    "rouge2": -1.5539,
    "rougeL": -1.6804,
    "bertscore": 6.5706
  }
}